description,1,2,3,4,5,6,7,8,9,10,11,12
Early Reviewer Program fee for asin B08R589VZ2,,,,,,,,,,,,-60.0
Early Reviewer Program fee for asin B08SCN11YZ,,,,-60.0,,,,,,,,
Save $5 on Native Pet Allergy Chew for Dogs,,,,,,,-8.4,-33.6,-30.599999999999998,,,
Save $5 on Native Pet Allergy Chews for Dogs,,,,,,,,,,,-71.4,-14.4
Save $5 on Native Pet Bladder Chew for Dogs,,,,,,,-8.399999999999999,-15.0,-20.400000000000002,,,
Save $5 on Native Pet Hip and Joint Chew for Dogs,,-15.599999999999998,-3.6,-4.2,-7.2,-10.8,-6.6,-4.8,,,,
Save $5 on Native Pet Probiotic Powder for Dogs,-32.400000000000006,-38.400000000000006,-4.8,-3.0,,,,,,,,-7.199999999999999
Save 10% on Native Pet Allergy Chew for Dogs,,,,,,,,,-8.4,-104.99999999999999,-1.2,
Save 10% on Native Pet Allergy Chews for Dogs,,,-18.6,-105.00000000000001,-43.199999999999996,-57.6,-1.7999999999999998,,,,,
Save 10% on Native Pet Bladder Chews for Dogs,-6.0,,-13.8,-111.6,-53.99999999999999,-58.2,-3.0,,,,,-120.0
Save 10% on Native Pet Bone Broth for Dogs,,,,-15.0,-121.80000000000001,-8.399999999999999,-0.6,-1.8,-18.000000000000004,,,
Save 10% on Native Pet Calm Chews for Dogs,,,,,,-79.80000000000001,-6.599999999999999,,,,,
Save 10% on Native Pet Hip & Joint for Dogs,,,,,,,,,-6.6,-1.2,,
Save 10% on Native Pet Omega Oil for Dogs,,,,,,,,,-106.79999999999997,-2.4,-0.6,
Save 10% on Native Pet Probiotic for Dogs,,,,,,,,-1.2,-22.800000000000004,,,
Save 10% on Native Pet Pumpkin for Dogs,,,,,,,,-3.0,-141.59999999999997,-2.4,-1.7999999999999998,
Save 10% on Native Pet Relief Chews for Dogs,,,,,-40.2,-50.99999999999999,,,,,,
Save 10% on Native Pet Valming Chews for Dogs,,,-7.2,-249.6,-2.4,-0.6,,,,,,
Save 10% on Native Pet Yak Chews for Dogs,,,,,,,,-6.0,-149.99999999999997,-3.0,-0.6,-0.6
Save 15% on Native Pet Allergy Chews for Dogs,-5.3999999999999995,-0.6,,,,,,,,,,-66.6
Save 15% on Yak Chews for Dogs,,,,,,,-130.20000000000002,-17.400000000000002,-1.2,,,
Save 20% on Native Pet Allergy Chews for Dogs,,,,,,,,,-30.600000000000005,,,
Save 20% on Native Pet Beef Bone Broth for Dogs,-70.19999999999999,-32.4,-2.4,,,,,,,,,
Save 20% on Native Pet Bladder Chews for Dogs,,,,,,,,,-23.400000000000006,,,
Save 20% on Native Pet Bone Broth for Dogs,,,,,,,,,-19.8,-0.6,,
Save 20% on Native Pet Hip & Joint for Dogs,,,,,,,,,-5.3999999999999995,,,
Save 20% on Native Pet Omega Oil for Dogs,,,,,,,,,-84.59999999999998,-1.2,-0.6,
Save 20% on Native Pet Probiotic for Dogs,,,,,,,,,-32.400000000000006,-1.2,,
Save 20% on Native Pet Pumpkin for Dogs,,,,,,,,,-112.19999999999999,-3.6,-1.2,
Save 20% on Native Pet Yak Chews for Dogs,,,,,,,,,-186.00000000000003,-5.3999999999999995,-3.0,
Save 25% on Bone Broth for Dogs,-0.6,,,,,,-39.0,-57.00000000000002,-3.6,,,
Save 30% on XL Yak Chews for Dogs,,,,,,,-9.0,-21.600000000000005,-2.4,,,
Save 5% on Native Pet Allergy Chew for Dogs,,,,,,,,,,,-16.2,
Save 5% on Native Pet Bladder Chew for Dogs,,,,,,,,,,-1.2,-105.60000000000001,
Save 5% on Native Pet Probiotic Powder for Dogs,-1.2,-0.6,,,,-1.2,-56.400000000000006,-6.599999999999999,-0.6,-0.6,-88.8,-7.799999999999999
